{
    "status": true,
    "data": [
        {
            "id": 1,
            "title": "Developer Survey",
            "detail": "As a software professional, you are an innovator, problem solver, researcher, and a creative. Your job is to take big ideas and make them a reality. With the right support, the possibilities are endless.<br/><br/>When roadblocks are removed and you’re allowed do your best work, you change the world.",
            "category": "Development",
            "status": "ACTIVE",
            "label": "EDUCATION",
            "labelColor": "secondary",
            "date": "17.05.2021",
            "questions": [
                {
                    "id": 0,
                    "title": "Name",
                    "question": "What is your name?",
                    "answerType": 0,
                    "answers": []
                },
                {
                    "id": 1,
                    "title": "Age",
                    "question": "How old are you?",
                    "answerType": 1,
                    "answers": [
                        {
                            "value": 0,
                            "label": "18-24"
                        },
                        {
                            "value": 1,
                            "label": "24-30"
                        },
                        {
                            "value": 2,
                            "label": "30-40"
                        },
                        {
                            "value": 3,
                            "label": "40-50"
                        },
                        {
                            "value": 4,
                            "label": "50+"
                        }
                    ]
                },
                {
                    "id": 2,
                    "title": "Gender",
                    "question": "What is your gender?",
                    "answerType": 4,
                    "answers": [
                        {
                            "value": 0,
                            "label": "Male"
                        },
                        {
                            "value": 1,
                            "label": "Female"
                        },
                        {
                            "value": 2,
                            "label": "Other"
                        }
                    ]
                },
                {
                    "id": 3,
                    "title": "Work",
                    "question": "What is your employment status?",
                    "answerType": 4,
                    "answers": [
                        {
                            "value": 0,
                            "label": "Employed for wages"
                        },
                        {
                            "value": 1,
                            "label": "Self-employed"
                        },
                        {
                            "value": 2,
                            "label": "Out of work and looking for work"
                        },
                        {
                            "value": 3,
                            "label": "Retired"
                        }
                    ]
                },
                {
                    "id": 4,
                    "title": "Coding",
                    "question": "What programming languages do you use?",
                    "answerType": 3,
                    "answers": [
                        {
                            "value": 0,
                            "label": "Python"
                        },
                        {
                            "value": 1,
                            "label": "JavaScript"
                        },
                        {
                            "value": 2,
                            "label": "PHP"
                        },
                        {
                            "value": 3,
                            "label": "Java"
                        },
                        {
                            "value": 4,
                            "label": "C#"
                        }
                    ]
                }
            ]
        },
        {
            "id": 2,
            "title": "Designer Survey",
            "detail": "As a software professional, you are an innovator, problem solver, researcher, and a creative. Your job is to take big ideas and make them a reality. With the right support, the possibilities are endless.<br/><br/>When roadblocks are removed and you’re allowed do your best work, you change the world.",
            "category": "Workplace",
            "status": "ACTIVE",
            "label": "NEW FRAMEWORK",
            "labelColor": "primary",
            "date": "15.05.2021",
            "questions": [
                {
                    "id": 0,
                    "title": "Name",
                    "question": "What is your name?",
                    "answerType": 0,
                    "answers": []
                },
                {
                    "id": 1,
                    "title": "Age",
                    "question": "How old are you?",
                    "answerType": 3,
                    "answers": [
                        {
                            "value": 0,
                            "label": "18-24"
                        },
                        {
                            "value": 1,
                            "label": "24-30"
                        },
                        {
                            "value": 2,
                            "label": "30-40"
                        },
                        {
                            "value": 3,
                            "label": "40-50"
                        },
                        {
                            "value": 4,
                            "label": "50+"
                        }
                    ]
                },
                {
                    "id": 2,
                    "title": "Gender",
                    "question": "What is your gender?",
                    "answerType": 3,
                    "answers": [
                        {
                            "value": 0,
                            "label": "Male"
                        },
                        {
                            "value": 1,
                            "label": "Female"
                        },
                        {
                            "value": 2,
                            "label": "Other"
                        }
                    ]
                },
                {
                    "id": 3,
                    "title": "Work",
                    "question": "What is your employment status?",
                    "answerType": 3,
                    "answers": [
                        {
                            "value": 0,
                            "label": "Employed for wages"
                        },
                        {
                            "value": 1,
                            "label": "Self-employed"
                        },
                        {
                            "value": 2,
                            "label": "Out of work and looking for work"
                        },
                        {
                            "value": 3,
                            "label": "Retired"
                        }
                    ]
                },
                {
                    "id": 4,
                    "title": "Coding",
                    "question": "What programming languages do you use?",
                    "answerType": 2,
                    "answers": [
                        {
                            "value": 0,
                            "label": "Python"
                        },
                        {
                            "value": 1,
                            "label": "JavaScript"
                        },
                        {
                            "value": 2,
                            "label": "PHP"
                        },
                        {
                            "value": 3,
                            "label": "Java"
                        },
                        {
                            "value": 4,
                            "label": "C#"
                        }
                    ]
                }
            ]
        },
        {
            "id": 3,
            "title": "Backend Survey",
            "detail": "As a software professional, you are an innovator, problem solver, researcher, and a creative. Your job is to take big ideas and make them a reality. With the right support, the possibilities are endless.<br/><br/>When roadblocks are removed and you’re allowed do your best work, you change the world.",
            "category": "Hardware",
            "status": "COMPLETED",
            "label": "PERSONAL",
            "labelColor": "info",
            "date": "12.05.2021",
            "questions": [
                {
                    "id": 0,
                    "title": "Name",
                    "question": "What is your name?",
                    "answerType": 0,
                    "answers": []
                },
                {
                    "id": 1,
                    "title": "Age",
                    "question": "How old are you?",
                    "answerType": 1,
                    "answers": [
                        {
                            "value": 0,
                            "label": "18-24"
                        },
                        {
                            "value": 1,
                            "label": "24-30"
                        },
                        {
                            "value": 2,
                            "label": "30-40"
                        },
                        {
                            "value": 3,
                            "label": "40-50"
                        },
                        {
                            "value": 4,
                            "label": "50+"
                        }
                    ]
                },
                {
                    "id": 2,
                    "title": "Gender",
                    "question": "What is your gender?",
                    "answerType": 1,
                    "answers": [
                        {
                            "value": 0,
                            "label": "Male"
                        },
                        {
                            "value": 1,
                            "label": "Female"
                        },
                        {
                            "value": 2,
                            "label": "Other"
                        }
                    ]
                },
                {
                    "id": 3,
                    "title": "Work",
                    "question": "What is your employment status?",
                    "answerType": 4,
                    "answers": [
                        {
                            "value": 0,
                            "label": "Employed for wages"
                        },
                        {
                            "value": 1,
                            "label": "Self-employed"
                        },
                        {
                            "value": 2,
                            "label": "Out of work and looking for work"
                        },
                        {
                            "value": 3,
                            "label": "Retired"
                        }
                    ]
                },
                {
                    "id": 4,
                    "title": "Coding",
                    "question": "What programming languages do you use?",
                    "answerType": 3,
                    "answers": [
                        {
                            "value": 0,
                            "label": "Python"
                        },
                        {
                            "value": 1,
                            "label": "JavaScript"
                        },
                        {
                            "value": 2,
                            "label": "PHP"
                        },
                        {
                            "value": 3,
                            "label": "Java"
                        },
                        {
                            "value": 4,
                            "label": "C#"
                        }
                    ]
                }
            ]
        }
    ]
}
